"delta","beta0","pred.var"
5e-05,0.02,"cg00043095"
5e-05,0.05,"cg00347369"
5e-05,0.05,"cg00397986"
1e-04,0.05,"cg00466268"
1e-04,0.01,"cg00884606"
5e-05,0.05,"cg00916884"
5e-05,0.05,"cg01435574"
5e-05,0.05,"cg01537995"
1e-04,0.03,"cg01587896"
5e-05,0.05,"cg01699217"
5e-05,0.04,"cg01783070"
0.00025,0,"cg01830294"
1e-04,0.03,"cg02150988"
5e-05,0.05,"cg02186542"
5e-05,0.02,"cg02266732"
5e-05,0.05,"cg02631468"
5e-05,0.03,"cg02726121"
1e-04,0.02,"cg02796545"
5e-05,0.05,"cg02964724"
0.00025,0.03,"cg03045635"
1e-04,0.03,"cg03111498"
5e-05,0.04,"cg03140968"
5e-05,0.05,"cg03181582"
5e-05,0.05,"cg03430846"
1e-04,0.03,"cg03450948"
5e-05,0.01,"cg03603951"
5e-05,0.03,"cg03874199"
1e-05,0.02,"cg04188273"
5e-05,0.02,"cg04408488"
5e-05,0.04,"cg04431946"
1e-05,0.03,"cg04549460"
1e-04,0.05,"cg04597433"
5e-05,0.03,"cg04633225"
5e-05,0.01,"cg04672706"
5e-05,0.03,"cg04902729"
1e-05,0.03,"cg04996219"
1e-04,0.05,"cg05093169"
1e-04,0.05,"cg05099387"
5e-05,0.04,"cg05182249"
1e-05,0.04,"cg05344430"
5e-05,0.02,"cg05446424"
5e-05,0,"cg05666607"
5e-05,0.05,"cg05886671"
1e-04,0.04,"cg06469345"
5e-05,0.05,"cg06672560"
1e-04,0.05,"cg06987468"
1e-05,0.03,"cg07195011"
1e-04,0.01,"cg07315745"
5e-05,0.05,"cg07357987"
1e-04,0.03,"cg07557260"
5e-05,0.05,"cg07621749"
5e-05,0.04,"cg07897248"
1e-04,0.05,"cg07950000"
5e-05,0.02,"cg08073312"
1e-04,0.01,"cg08074851"
5e-05,0.05,"cg08448701"
5e-05,0.04,"cg08530317"
5e-05,0.05,"cg08834401"
5e-05,0,"cg08961408"
5e-05,0.04,"cg09578028"
5e-05,0.02,"cg10094616"
5e-05,0.05,"cg10281002"
0.00025,0,"cg10343742"
5e-05,0.02,"cg10406295"
5e-05,0.05,"cg10824063"
5e-05,0.03,"cg11334771"
5e-05,0.04,"cg11354629"
5e-05,0.01,"cg11723848"
5e-05,0.05,"cg11848563"
1e-04,0.03,"cg12071328"
1e-04,0.04,"cg12180703"
1e-05,0.02,"cg12417685"
1e-04,0.05,"cg12743978"
5e-05,0.03,"cg12882697"
1e-04,0.02,"cg13078140"
5e-05,0.04,"cg13177747"
5e-05,0.04,"cg13281139"
5e-05,0.01,"cg13368756"
5e-05,0.05,"cg13526007"
0.00025,0.05,"cg14456683"
1e-04,0.03,"cg14473102"
5e-05,0.03,"cg14717170"
1e-04,0.05,"cg14769207"
1e-04,0.02,"cg14834938"
1e-05,0.03,"cg14991487"
1e-04,0.03,"cg15119027"
1e-04,0.04,"cg15186181"
5e-05,0.04,"cg15237923"
5e-05,0.05,"cg15272362"
5e-05,0.05,"cg15493780"
5e-05,0.05,"cg15984718"
1e-04,0.05,"cg16023545"
5e-05,0.04,"cg16033053"
5e-05,0.05,"cg16523380"
5e-05,0.01,"cg16800165"
1e-04,0.05,"cg17037282"
0.00025,0,"cg17076890"
5e-05,0.04,"cg17152757"
5e-05,0.05,"cg17339147"
5e-05,0.05,"cg17371081"
1e-04,0.03,"cg17412886"
5e-05,0.05,"cg17816908"
5e-05,0.02,"cg17863912"
1e-04,0.05,"cg18097532"
5e-05,0.01,"cg18369866"
5e-05,0.02,"cg18498593"
5e-05,0.04,"cg19042459"
5e-05,0.02,"cg19054524"
5e-05,0.02,"cg19180624"
1e-04,0.05,"cg19283196"
1e-04,0.03,"cg19346645"
5e-05,0.04,"cg19384289"
5e-05,0,"cg19401340"
5e-05,0.05,"cg19542816"
5e-05,0.01,"cg19711579"
5e-05,0.01,"cg19712603"
1e-04,0.05,"cg19761848"
5e-05,0.05,"cg20097440"
1e-04,0.01,"cg20585530"
5e-05,0.03,"cg20720059"
5e-05,0.05,"cg20926035"
1e-04,0.01,"cg21053529"
5e-05,0.04,"cg21269843"
5e-05,0.04,"cg21426003"
5e-05,0,"cg21517947"
5e-05,0.01,"cg21859781"
5e-05,0.03,"cg22240472"
1e-05,0.03,"cg22274395"
5e-05,0.05,"cg22277994"
5e-05,0.04,"cg22428147"
1e-04,0.05,"cg22600043"
1e-05,0.04,"cg22653976"
5e-05,0,"cg22797735"
5e-05,0.03,"cg23132624"
5e-05,0.01,"cg23217126"
1e-04,0.03,"cg23335460"
5e-05,0,"cg23405575"
1e-04,0.01,"cg23420260"
5e-05,0.05,"cg23774356"
0.00025,0,"cg23847712"
5e-05,0.05,"cg24154839"
1e-04,0.03,"cg24319902"
5e-05,0.05,"cg24891539"
1e-04,0.03,"cg24989962"
5e-05,0.05,"cg25116388"
5e-05,0.05,"cg25307168"
1e-05,0.03,"cg25599538"
5e-05,0.05,"cg25640822"
5e-05,0.03,"cg25682299"
5e-05,0.02,"cg25951981"
1e-04,0.04,"cg25993718"
5e-05,0.02,"cg26124980"
5e-05,0.05,"cg26332560"
5e-05,0.05,"cg26410450"
1e-04,0.02,"cg26554592"
5e-05,0.04,"cg26565021"
1e-04,0.01,"cg27058486"
1e-04,0.03,"cg27176138"
1e-04,0.02,"cg27254482"
1e-04,0.04,"cg27363829"
5e-05,0.03,"cg27505273"
1e-05,0.04,"cg27625055"
5e-05,0.05,"cg27648075"
