pred.var,coef
cg06690548,-3.00E-04
cg14476101,-4.00E-04
cg19693031,-3.00E-04
cg18120259,-2.00E-04
cg23999170,-2.00E-04
cg17061862,-3.00E-04
cg10601624,-2.00E-04
cg11376147,-1.00E-04
cg00533891,-2.00E-04
cg08035323,-3.00E-04
cg22304262,-2.00E-04
cg21990144,-1.00E-04
cg00574958,-7.50E-05
cg06688763,-3.00E-04
cg02711608,-2.00E-04
cg22143352,-2.00E-04
cg07141002,-2.00E-04
cg04997045,-2.00E-04
cg12417775,-2.00E-04
cg16246545,-2.00E-04
cg07160014,-1.00E-04
cg11133963,-1.00E-04
cg21066063,-2.00E-04
cg04275362,-2.00E-04
cg07175797,-1.00E-04
cg26916780,-1.00E-04
cg15261712,-2.00E-04
cg06679990,-1.00E-04
cg02976539,-1.00E-04
cg02116864,-1.00E-04
cg22213445,-1.00E-04
cg07990556,-1.00E-04
cg15935121,-1.00E-04
cg14663208,-1.00E-04
cg06909288,-1.00E-04
cg06754224,-1.00E-04
cg18933331,-1.00E-04
cg15995714,-1.00E-04
cg26332488,-1.00E-04
cg01243072,-2.00E-04
cg07797660,-1.00E-04
cg21777154,-1.00E-04
cg21534578,-1.00E-04
cg20379593,-1.00E-04
cg15333769,-7.90E-05
cg20374917,-1.00E-04
cg03393444,-8.20E-05
cg10941749,-1.00E-04
cg06826457,-2.00E-04
cg05288253,-1.00E-04
cg17863679,-7.40E-05
cg22885332,-1.00E-04
cg04427651,-1.00E-04
cg27054084,-2.00E-04
cg01385679,-1.00E-04
cg09001549,-1.00E-04
cg24890964,-1.00E-04
cg11938080,-9.90E-05
cg00039326,-1.00E-04
cg00936728,-1.00E-04
cg09680149,-1.00E-04
cg14090647,-2.00E-04
cg12593793,-1.00E-04
cg14179401,-1.00E-04
cg06178669,-2.00E-04
cg00716257,-1.00E-04
cg07621224,-1.00E-04
cg04104695,-1.00E-04
cg07856667,-1.00E-04
cg22007809,-2.00E-04
cg05473987,-1.00E-04
cg03125341,-1.00E-04
cg13917614,-1.00E-04
cg22959409,-1.00E-04
cg08857797,1.00E-04
cg19390658,-2.00E-04
cg14818621,-9.90E-05
cg24955196,1.00E-04
cg18824549,-1.00E-04
cg22608507,-9.50E-05
cg21429551,-2.00E-04